id,original_filename,tag,group,source,source_url,collected_date
001,"phoenix-v0.9_Abstract_geometric_composition_inspired_by_Piet_Mondrian_balanced_grid_structure-0.jpg",ai_mondrian_1,ai_mon,leonardo_ai,,2026-08-06
002,"phoenix-v0.9_Abstract_geometric_composition_inspired_by_Piet_Mondrian_balanced_grid_structure-1.jpg",ai_mondrian_1,ai_mon,leonardo_ai,,2026-08-06
003,"phoenix-v0.9_Abstract_geometric_composition_inspired_by_Piet_Mondrian_balanced_grid_structure-2.jpg",ai_mondrian_1,ai_mon,leonardo_ai,,2026-08-06
004,"phoenix-v0.9_Abstract_geometric_composition_inspired_by_Piet_Mondrian_balanced_grid_structure-3.jpg",ai_mondrian_1,ai_mon,leonardo_ai,,2026-08-06
005,"phoenix-v0.9_Structured_abstract_artwork_inspired_by_Piet_Mondrian’s_visual_principles_asym-0.jpg",ai_mondrian_2,ai_mon,leonardo_ai,,2026-08-06
006,"phoenix-v0.9_Structured_abstract_artwork_inspired_by_Piet_Mondrian’s_visual_principles_asym-1.jpg",ai_mondrian_2,ai_mon,leonardo_ai,,2026-08-06
007,"phoenix-v0.9_Structured_abstract_artwork_inspired_by_Piet_Mondrian’s_visual_principles_asym-2.jpg",ai_mondrian_2,ai_mon,leonardo_ai,,2026-08-06
008,"phoenix-v0.9_Structured_abstract_artwork_inspired_by_Piet_Mondrian’s_visual_principles_asym-3.jpg",ai_mondrian_2,ai_mon,leonardo_ai,,2026-08-06
009,"phoenix-v0.9_Original_abstract_painting_with_Mondrian-inspired_aesthetics_harmonious_rectangl-0.jpg",ai_mondrian_3,ai_mon,leonardo_ai,,2026-08-06
010,"phoenix-v0.9_Original_abstract_painting_with_Mondrian-inspired_aesthetics_harmonious_rectangl-1.jpg",ai_mondrian_3,ai_mon,leonardo_ai,,2026-08-06
011,"phoenix-v0.9_Original_abstract_painting_with_Mondrian-inspired_aesthetics_harmonious_rectangl-2.jpg",ai_mondrian_3,ai_mon,leonardo_ai,,2026-08-06
012,"phoenix-v0.9_Original_abstract_painting_with_Mondrian-inspired_aesthetics_harmonious_rectangl-3.jpg",ai_mondrian_3,ai_mon,leonardo_ai,,2026-08-06
013,"phoenix-v0.9_Geometric_abstract_composition_inspired_by_Piet_Mondrian_refined_balance_between-0.jpg",ai_mondrian_4,ai_mon,leonardo_ai,,2026-08-06
014,"phoenix-v0.9_Geometric_abstract_composition_inspired_by_Piet_Mondrian_refined_balance_between-1.jpg",ai_mondrian_4,ai_mon,leonardo_ai,,2026-08-06
015,"phoenix-v0.9_Geometric_abstract_composition_inspired_by_Piet_Mondrian_refined_balance_between-2.jpg",ai_mondrian_4,ai_mon,leonardo_ai,,2026-08-06
016,"phoenix-v0.9_Geometric_abstract_composition_inspired_by_Piet_Mondrian_refined_balance_between-3.jpg",ai_mondrian_4,ai_mon,leonardo_ai,,2026-08-06
017,"phoenix-v0.9_Contemporary_abstract_artwork_based_on_Mondrian’s_principles_modular_grid_syst-0.jpg",ai_mondrian_5,ai_mon,leonardo_ai,,2026-08-06
018,"phoenix-v0.9_Contemporary_abstract_artwork_based_on_Mondrian’s_principles_modular_grid_syst-1.jpg",ai_mondrian_5,ai_mon,leonardo_ai,,2026-08-06
019,"phoenix-v0.9_Contemporary_abstract_artwork_based_on_Mondrian’s_principles_modular_grid_syst-2.jpg",ai_mondrian_5,ai_mon,leonardo_ai,,2026-08-06
020,"phoenix-v0.9_Contemporary_abstract_artwork_based_on_Mondrian’s_principles_modular_grid_syst-3.jpg",ai_mondrian_5,ai_mon,leonardo_ai,,2026-08-06
021,"phoenix-v0.9_Abstract_composition_inspired_by_Wassily_Kandinsky_dynamic_arrangement_of_circle-0.jpg",ai_kandinsky_1,ai_kan,leonardo_ai,,2026-08-07
022,"phoenix-v0.9_Abstract_composition_inspired_by_Wassily_Kandinsky_dynamic_arrangement_of_circle-1.jpg",ai_kandinsky_1,ai_kan,leonardo_ai,,2026-08-07
023,"phoenix-v0.9_Abstract_composition_inspired_by_Wassily_Kandinsky_dynamic_arrangement_of_circle-2.jpg",ai_kandinsky_1,ai_kan,leonardo_ai,,2026-08-07
024,"phoenix-v0.9_Abstract_composition_inspired_by_Wassily_Kandinsky_dynamic_arrangement_of_circle-3.jpg",ai_kandinsky_1,ai_kan,leonardo_ai,,2026-08-07
025,"phoenix-v0.9_Original_abstract_artwork_inspired_by_Kandinsky’s_visual_principles_floating_g-0.jpg",ai_kandinsky_2,ai_kan,leonardo_ai,,2026-08-07
026,"phoenix-v0.9_Original_abstract_artwork_inspired_by_Kandinsky’s_visual_principles_floating_g-1.jpg",ai_kandinsky_2,ai_kan,leonardo_ai,,2026-08-07
027,"phoenix-v0.9_Original_abstract_artwork_inspired_by_Kandinsky’s_visual_principles_floating_g-2.jpg",ai_kandinsky_2,ai_kan,leonardo_ai,,2026-08-07
028,"phoenix-v0.9_Original_abstract_artwork_inspired_by_Kandinsky’s_visual_principles_floating_g-1.jpg",ai_kandinsky_2,ai_kan,leonardo_ai,,2026-08-07
029,"phoenix-v0.9_Original_abstract_artwork_inspired_by_Kandinsky’s_visual_principles_floating_g-2.jpg",ai_kandinsky_2,ai_kan,leonardo_ai,,2026-08-07
030,"phoenix-v0.9_Original_abstract_artwork_inspired_by_Kandinsky’s_visual_principles_floating_g-3.jpg",ai_kandinsky_2,ai_kan,leonardo_ai,,2026-08-07
031,"phoenix-v0.9_Geometric_abstract_painting_inspired_by_Wassily_Kandinsky_layered_circles_angula-0.jpg",ai_kandinsky_3,ai_kan,leonardo_ai,,2026-08-07
032,"phoenix-v0.9_Geometric_abstract_painting_inspired_by_Wassily_Kandinsky_layered_circles_angula-1.jpg",ai_kandinsky_3,ai_kan,leonardo_ai,,2026-08-07
033,"phoenix-v0.9_Geometric_abstract_painting_inspired_by_Wassily_Kandinsky_layered_circles_angula-2.jpg",ai_kandinsky_3,ai_kan,leonardo_ai,,2026-08-07
034,"phoenix-v0.9_Geometric_abstract_painting_inspired_by_Wassily_Kandinsky_layered_circles_angula-3.jpg",ai_kandinsky_3,ai_kan,leonardo_ai,,2026-08-07
035,"phoenix-v0.9_Contemporary_abstract_composition_based_on_Kandinsky-inspired_aesthetics_abstrac-0.jpg",ai_kandinsky_4,ai_kan,leonardo_ai,,2026-08-07
036,"phoenix-v0.9_Contemporary_abstract_composition_based_on_Kandinsky-inspired_aesthetics_abstrac-1.jpg",ai_kandinsky_4,ai_kan,leonardo_ai,,2026-08-07
037,"phoenix-v0.9_Contemporary_abstract_composition_based_on_Kandinsky-inspired_aesthetics_abstrac-2.jpg",ai_kandinsky_4,ai_kan,leonardo_ai,,2026-08-07
038,"phoenix-v0.9_Contemporary_abstract_composition_based_on_Kandinsky-inspired_aesthetics_abstrac-3.jpg",ai_kandinsky_4,ai_kan,leonardo_ai,,2026-08-07
039,"phoenix-v0.9_Structured_abstract_artwork_inspired_by_Kandinsky_colorful_geometric_elements_dy-0.jpg",ai_kandinsky_5,ai_kan,leonardo_ai,,2026-08-07
040,"phoenix-v0.9_Structured_abstract_artwork_inspired_by_Kandinsky_colorful_geometric_elements_dy-1.jpg",ai_kandinsky_5,ai_kan,leonardo_ai,,2026-08-07
041,"phoenix-v0.9_Structured_abstract_artwork_inspired_by_Kandinsky_colorful_geometric_elements_dy-2.jpg",ai_kandinsky_5,ai_kan,leonardo_ai,,2026-08-07
042,"phoenix-v0.9_Structured_abstract_artwork_inspired_by_Kandinsky_colorful_geometric_elements_dy-3.jpg",ai_kandinsky_5,ai_kan,leonardo_ai,,2026-08-07
043,"phoenix-v0.9_Abstract_composition_inspired_by_Kazimir_Malevich_bold_geometric_forms_pure_colo-0.jpg",ai_malevich_1,ai_mal,leonardo_ai,,2026-08-08
044,"phoenix-v0.9_Abstract_composition_inspired_by_Kazimir_Malevich_bold_geometric_forms_pure_colo-1.jpg",ai_malevich_1,ai_mal,leonardo_ai,,2026-08-08
045,"phoenix-v0.9_Abstract_composition_inspired_by_Kazimir_Malevich_bold_geometric_forms_pure_colo-2.jpg",ai_malevich_1,ai_mal,leonardo_ai,,2026-08-08
046,"phoenix-v0.9_Abstract_composition_inspired_by_Kazimir_Malevich_bold_geometric_forms_pure_colo-3.jpg",ai_malevich_1,ai_mal,leonardo_ai,,2026-08-08
047,"phoenix-v0.9_Original_abstract_artwork_inspired_by_Malevich’s_visual_principles_simple_geom-0.jpg",ai_malevich_2,ai_mal,leonardo_ai,,2026-08-08
048,"phoenix-v0.9_Original_abstract_artwork_inspired_by_Malevich’s_visual_principles_simple_geom-1.jpg",ai_malevich_2,ai_mal,leonardo_ai,,2026-08-08
049,"phoenix-v0.9_Original_abstract_artwork_inspired_by_Malevich’s_visual_principles_simple_geom-2.jpg",ai_malevich_2,ai_mal,leonardo_ai,,2026-08-08
050,"phoenix-v0.9_Original_abstract_artwork_inspired_by_Malevich’s_visual_principles_simple_geom-3.jpg",ai_malevich_2,ai_mal,leonardo_ai,,2026-08-08
051,"phoenix-v0.9_Geometric_abstract_painting_inspired_by_Kazimir_Malevich_floating_squares_and_re-0.jpg",ai_malevich_3,ai_mal,leonardo_ai,,2026-08-08
052,"phoenix-v0.9_Geometric_abstract_painting_inspired_by_Kazimir_Malevich_floating_squares_and_re-1.jpg",ai_malevich_3,ai_mal,leonardo_ai,,2026-08-08
053,"phoenix-v0.9_Geometric_abstract_painting_inspired_by_Kazimir_Malevich_floating_squares_and_re-2.jpg",ai_malevich_3,ai_mal,leonardo_ai,,2026-08-08
054,"phoenix-v0.9_Geometric_abstract_painting_inspired_by_Kazimir_Malevich_floating_squares_and_re-3.jpg",ai_malevich_3,ai_mal,leonardo_ai,,2026-08-08
055,"phoenix-v0.9_Contemporary_abstract_composition_based_on_Malevich-inspired_aesthetics_pure_geo-0.jpg",ai_malevich_4,ai_mal,leonardo_ai,,2026-08-08
056,"phoenix-v0.9_Contemporary_abstract_composition_based_on_Malevich-inspired_aesthetics_pure_geo-1.jpg",ai_malevich_4,ai_mal,leonardo_ai,,2026-08-08
057,"phoenix-v0.9_Contemporary_abstract_composition_based_on_Malevich-inspired_aesthetics_pure_geo-2.jpg",ai_malevich_4,ai_mal,leonardo_ai,,2026-08-08
058,"phoenix-v0.9_Contemporary_abstract_composition_based_on_Malevich-inspired_aesthetics_pure_geo-3.jpg",ai_malevich_4,ai_mal,leonardo_ai,,2026-08-08
059,"phoenix-v0.9_Structured_abstract_artwork_inspired_by_Malevich_minimal_geometric_forms_bold_co-0.jpg",ai_malevich_5,ai_mal,leonardo_ai,,2026-08-08
060,"phoenix-v0.9_Structured_abstract_artwork_inspired_by_Malevich_minimal_geometric_forms_bold_co-1.jpg",ai_malevich_5,ai_mal,leonardo_ai,,2026-08-08
061,"phoenix-v0.9_Structured_abstract_artwork_inspired_by_Malevich_minimal_geometric_forms_bold_co-2.jpg",ai_malevich_5,ai_mal,leonardo_ai,,2026-08-08
062,"phoenix-v0.9_Structured_abstract_artwork_inspired_by_Malevich_minimal_geometric_forms_bold_co-3.jpg",ai_malevich_5,ai_mal,leonardo_ai,,2026-08-08
063,"phoenix-v0.9_Abstract_composition_inspired_by_Josef_Albers_nested_geometric_squares_subtle_co-0.jpg",ai_albers_1,ai_alb,leonardo_ai,,2026-08-08
064,"phoenix-v0.9_Abstract_composition_inspired_by_Josef_Albers_nested_geometric_squares_subtle_co-1.jpg",ai_albers_1,ai_alb,leonardo_ai,,2026-08-08
065,"phoenix-v0.9_Abstract_composition_inspired_by_Josef_Albers_nested_geometric_squares_subtle_co-2.jpg",ai_albers_1,ai_alb,leonardo_ai,,2026-08-08
066,"phoenix-v0.9_Abstract_composition_inspired_by_Josef_Albers_nested_geometric_squares_subtle_co-3.jpg",ai_albers_1,ai_alb,leonardo_ai,,2026-08-08
067,"phoenix-v0.9_Original_abstract_artwork_inspired_by_Albers’_visual_principles_layered_square-0.jpg",ai_albers_2,ai_alb,leonardo_ai,,2026-08-09
068,"phoenix-v0.9_Original_abstract_artwork_inspired_by_Albers’_visual_principles_layered_square-1.jpg",ai_albers_2,ai_alb,leonardo_ai,,2026-08-09
069,"phoenix-v0.9_Original_abstract_artwork_inspired_by_Albers’_visual_principles_layered_square-2.jpg",ai_albers_2,ai_alb,leonardo_ai,,2026-08-09
070,"phoenix-v0.9_Original_abstract_artwork_inspired_by_Albers’_visual_principles_layered_square-3.jpg",ai_albers_2,ai_alb,leonardo_ai,,2026-08-09
071,"phoenix-v0.9_Geometric_abstract_painting_inspired_by_Josef_Albers_repeated_rectangular_struct-0.jpg",ai_albers_3,ai_alb,leonardo_ai,,2026-08-09
072,"phoenix-v0.9_Geometric_abstract_painting_inspired_by_Josef_Albers_repeated_rectangular_struct-1.jpg",ai_albers_3,ai_alb,leonardo_ai,,2026-08-09
073,"phoenix-v0.9_Geometric_abstract_painting_inspired_by_Josef_Albers_repeated_rectangular_struct-2.jpg",ai_albers_3,ai_alb,leonardo_ai,,2026-08-09
074,"phoenix-v0.9_Geometric_abstract_painting_inspired_by_Josef_Albers_repeated_rectangular_struct-3.jpg",ai_albers_3,ai_alb,leonardo_ai,,2026-08-09
075,"phoenix-v0.9_Contemporary_abstract_composition_based_on_Albers-inspired_aesthetics_geometric_-0.jpg",ai_albers_4,ai_alb,leonardo_ai,,2026-08-09
076,"phoenix-v0.9_Contemporary_abstract_composition_based_on_Albers-inspired_aesthetics_geometric_-1.jpg",ai_albers_4,ai_alb,leonardo_ai,,2026-08-09
077,"phoenix-v0.9_Contemporary_abstract_composition_based_on_Albers-inspired_aesthetics_geometric_-2.jpg",ai_albers_4,ai_alb,leonardo_ai,,2026-08-09
078,"phoenix-v0.9_Contemporary_abstract_composition_based_on_Albers-inspired_aesthetics_geometric_-3.jpg",ai_albers_4,ai_alb,leonardo_ai,,2026-08-09
079,"phoenix-v0.9_Structured_abstract_artwork_inspired_by_Josef_Albers_modular_geometric_forms_ref-0.jpg",ai_albers_5,ai_alb,leonardo_ai,,2026-08-09
080,"phoenix-v0.9_Structured_abstract_artwork_inspired_by_Josef_Albers_modular_geometric_forms_ref-1.jpg",ai_albers_5,ai_alb,leonardo_ai,,2026-08-09
081,"phoenix-v0.9_Structured_abstract_artwork_inspired_by_Josef_Albers_modular_geometric_forms_ref-2.jpg",ai_albers_5,ai_alb,leonardo_ai,,2026-08-09
082,"phoenix-v0.9_Structured_abstract_artwork_inspired_by_Josef_Albers_modular_geometric_forms_ref-3.jpg",ai_albers_5,ai_alb,leonardo_ai,,2026-08-09
083,"phoenix-v0.9_Abstract_composition_inspired_by_Victor_Vasarely_geometric_optical_patterns_prec-0.jpg",ai_vasarely_1,ai_vas,leonardo_ai,,2026-08-09
084,"phoenix-v0.9_Abstract_composition_inspired_by_Victor_Vasarely_geometric_optical_patterns_prec-1.jpg",ai_vasarely_1,ai_vas,leonardo_ai,,2026-08-09
085,"phoenix-v0.9_Abstract_composition_inspired_by_Victor_Vasarely_geometric_optical_patterns_prec-2.jpg",ai_vasarely_1,ai_vas,leonardo_ai,,2026-08-09
086,"phoenix-v0.9_Abstract_composition_inspired_by_Victor_Vasarely_geometric_optical_patterns_prec-3.jpg",ai_vasarely_1,ai_vas,leonardo_ai,,2026-08-09
087,"phoenix-v0.9_Original_abstract_artwork_inspired_by_Vasarely’s_visual_principles_geometric_g-0.jpg",ai_vasarely_2,ai_vas,leonardo_ai,,2026-08-09
088,"phoenix-v0.9_Original_abstract_artwork_inspired_by_Vasarely’s_visual_principles_geometric_g-1.jpg",ai_vasarely_2,ai_vas,leonardo_ai,,2026-08-09
089,"phoenix-v0.9_Original_abstract_artwork_inspired_by_Vasarely’s_visual_principles_geometric_g-2.jpg",ai_vasarely_2,ai_vas,leonardo_ai,,2026-08-09
090,"phoenix-v0.9_Original_abstract_artwork_inspired_by_Vasarely’s_visual_principles_geometric_g-3.jpg",ai_vasarely_2,ai_vas,leonardo_ai,,2026-08-09
091,"phoenix-v0.9_Geometric_abstract_painting_inspired_by_Victor_Vasarely_systematic_patterns_shif-0.jpg",ai_vasarely_3,ai_vas,leonardo_ai,,2026-08-10
092,"phoenix-v0.9_Geometric_abstract_painting_inspired_by_Victor_Vasarely_systematic_patterns_shif-1.jpg",ai_vasarely_3,ai_vas,leonardo_ai,,2026-08-10
093,"phoenix-v0.9_Geometric_abstract_painting_inspired_by_Victor_Vasarely_systematic_patterns_shif-2.jpg",ai_vasarely_3,ai_vas,leonardo_ai,,2026-08-10
094,"phoenix-v0.9_Geometric_abstract_painting_inspired_by_Victor_Vasarely_systematic_patterns_shif-3.jpg",ai_vasarely_3,ai_vas,leonardo_ai,,2026-08-10
095,"phoenix-v0.9_Contemporary_abstract_composition_based_on_Vasarely-inspired_aesthetics_modular_-0.jpg",ai_vasarely_4,ai_vas,leonardo_ai,,2026-08-10
096,"phoenix-v0.9_Contemporary_abstract_composition_based_on_Vasarely-inspired_aesthetics_modular_-1.jpg",ai_vasarely_4,ai_vas,leonardo_ai,,2026-08-10
097,"phoenix-v0.9_Contemporary_abstract_composition_based_on_Vasarely-inspired_aesthetics_modular_-2.jpg",ai_vasarely_4,ai_vas,leonardo_ai,,2026-08-10
098,"phoenix-v0.9_Contemporary_abstract_composition_based_on_Vasarely-inspired_aesthetics_modular_-3.jpg",ai_vasarely_4,ai_vas,leonardo_ai,,2026-08-10
099,"phoenix-v0.9_Structured_abstract_artwork_inspired_by_Victor_Vasarely_mathematical_geometric_f-0.jpg",ai_vasarely_5,ai_vas,leonardo_ai,,2026-08-10
100,"phoenix-v0.9_Structured_abstract_artwork_inspired_by_Victor_Vasarely_mathematical_geometric_f-1.jpg",ai_vasarely_5,ai_vas,leonardo_ai,,2026-08-10
101,"phoenix-v0.9_Structured_abstract_artwork_inspired_by_Victor_Vasarely_mathematical_geometric_f-2.jpg",ai_vasarely_5,ai_vas,leonardo_ai,,2026-08-10
102,"phoenix-v0.9_Structured_abstract_artwork_inspired_by_Victor_Vasarely_mathematical_geometric_f-3.jpg",ai_vasarely_5,ai_vas,leonardo_ai,,2026-08-10
103,"Piet_Mondriaan,_1930_-_Mondrian_Composition_II_in_Red,_Blue,_and_Yellow.jpg",mon,mon,wikimedia,"https://commons.,wikimedia.org/wiki/File:Piet_Mondriaan,_1930_-_Mondrian_Composition_II_in_Red,_Blue,_and_Yellow.jpg",2026-08-11
104,"Tableau_I,_by_Piet_Mondriaan.jpg",mon,mon,wikimedia,"https://commons.,wikimedia.org/wiki/File:Tableau_I,_by_Piet_Mondriaan.jpg",2026-08-11
105,"Piet_Mondriaan,_1942_-_New_York_City_I.jpg",mon,mon,wikimedia,"https://commons.,wikimedia.org/wiki/File:Piet_Mondriaan,_1942_-_New_York_City_I.jpg",2026-08-11
106,"Piet_Mondriaan,_1918_-_Composition_with_Gray_and_Light_Brown.jpg",mon,mon,wikimedia,"https://commons.,wikimedia.org/wiki/File:Piet_Mondriaan,_1918_-_Composition_with_Gray_and_Light_Brown.jpg",2026-08-11
107,"Mondriaan_Compositie_in_lijn.jpg",mon,mon,wikimedia,"https://commons.,wikimedia.org/wiki/File:Mondriaan_Compositie_in_lijn.jpg",2026-08-11
108,"Piet_Mondrian,_1942_-_Broadway_Boogie_Woogie.jpg",mon,mon,wikimedia,"https://commons.,wikimedia.org/wiki/File:Piet_Mondrian,_1942_-_Broadway_Boogie_Woogie.jpg",2026-08-11
109,"Piet_Mondriaan_Victory_Boogie_Woogie.jpg",mon,mon,wikimedia,"https://commons.,wikimedia.org/wiki/File:Piet_Mondriaan_Victory_Boogie_Woogie.jpg",2026-08-11
110,"Piet_mondrian,_composizione_a_losanga_con_linee_gialle,_1933.jpg",mon,mon,wikimedia,"https://commons.,wikimedia.org/wiki/File:Piet_mondrian,_composizione_a_losanga_con_linee_gialle,_1933.jpg",2026-08-11
111,"Mondrian_-_Composition_10_in_Black_and_White_(1915).jpg",mon,mon,wikimedia,"https://commons.,wikimedia.org/wiki/File:Mondrian_-_Composition_10_in_Black_and_White_(1915).jpg",2026-08-11
112,"Piet_Mondriaan,_1939-1942_-_Composition_10.jpg",mon,mon,wikimedia,"https://commons.,wikimedia.org/wiki/File:Piet_Mondriaan,_1939-1942_-_Composition_10.jpg",2026-08-11
113,"Compositie_in_kleur_B_-_Mondriaan.jpg",mon,mon,wikimedia,"https://commons.,wikimedia.org/wiki/File:Compositie_in_kleur_B_-_Mondriaan.jpg",2026-08-11
114,"Piet_Mondriaan_-_Tableau_I_-_179.1953_-_Museum_of_Modern_Art.jpg",mon,mon,wikimedia,"https://commons.,wikimedia.org/wiki/File:Piet_Mondriaan_-_Tableau_I_-_179.1953_-_Museum_of_Modern_Art.jpg",2026-08-11
115,"Piet_Mondriaan_-_Composition_with_red,_yellow,_black,_blue,_and_gray_-_1038646_-_Kunstmuseum_Den_Haag.jpg",mon,mon,wikimedia,"https://commons.,wikimedia.org/wiki/File:Piet_Mondriaan_-_Composition_with_red,_yellow,_black,_blue,_and_gray_-_1038646_-_Kunstmuseum_Den_Haag.jpg",2026-08-11
116,"Vassily_Kandinsky,_1913_-_Color_Study,_Squares_with_Concentric_Circles.jpg",kan,kan,wikimedia,"https://commons.,wikimedia.org/wiki/File:Vassily_Kandinsky,_1913_-_Color_Study,_Squares_with_Concentric_Circles.jpg",2026-08-12
117,"Vassily_Kandinsky,_1923_-_Circles_in_a_Circle.jpg",kan,kan,wikimedia,"https://commons.,wikimedia.org/wiki/File:Vassily_Kandinsky,_1923_-_Circles_in_a_Circle.jpg",2026-08-12
118,"Vassily_Kandinsky,_1926_-_Several_Circles,_Gugg_0910_25.jpg",kan,kan,wikimedia,"https://commons.,wikimedia.org/wiki/File:Vassily_Kandinsky,_1926_-_Several_Circles,_Gugg_0910_25.jpg",2026-08-12
119,"Vassily_Kandinsky,_1927_-_Molle_rudesse.jpg",kan,kan,wikimedia,"https://commons.,wikimedia.org/wiki/File:Vassily_Kandinsky,_1927_-_Molle_rudesse.jpg",2026-08-12
120,"Wassily_Kandinsky_-_Inner_Alliance_-_1929.jpg",kan,kan,wikimedia,"https://commons.,wikimedia.org/wiki/File:Wassily_Kandinsky_-_Inner_Alliance_-_1929.jpg",2026-08-12
121,"Vassily_Kandinsky,_1935_-_Brown_with_supplement.jpg",kan,kan,wikimedia,"https://commons.,wikimedia.org/wiki/File:Vassily_Kandinsky,_1935_-_Brown_with_supplement.jpg",2026-08-12
122,"Vassily_Kandinsky,_1936_-_Composition_IX.jpg",kan,kan,wikimedia,"https://commons.,wikimedia.org/wiki/File:Vassily_Kandinsky,_1936_-_Composition_IX.jpg",2026-08-12
123,"Vassily_Kandinsky,_1939_-_Composition_10.jpg",kan,kan,wikimedia,"https://commons.,wikimedia.org/wiki/File:Vassily_Kandinsky,_1939_-_Composition_10.jpg",2026-08-12
124,"Kandinsky_-_Various_Actions,_1941.jpg",kan,kan,wikimedia,"https://commons.,wikimedia.org/wiki/File:Kandinsky_-_Various_Actions,_1941.jpg",2026-08-12
125,"Composition_VII_-_Wassily_Kandinsky,_GAC.jpg",kan,kan,wikimedia,"https://commons.,wikimedia.org/wiki/File:Composition_VII_-_Wassily_Kandinsky,_GAC.jpg",2026-08-12
126,"Vassily_Kandinsky,_1913_-_Composition_6.jpg",kan,kan,wikimedia,"https://commons.,wikimedia.org/wiki/File:Vassily_Kandinsky,_1913_-_Composition_6.jpg",2026-08-12
127,"Wassily_Kandinsky,_1920_-_Points.jpg",kan,kan,wikimedia,"https://commons.,wikimedia.org/wiki/File:Wassily_Kandinsky,_1920_-_Points.jpg",2026-08-12
128,"Kandinsky_-_Jaune_Rouge_Bleu",kan,kan,wikimedia,"https://commons.,wikimedia.org/wiki/File:Kandinsky_-_Jaune_Rouge_Bleu.jpg",2026-08-12
129,"Vassily_Kandinsky,_1922_-_Kleine_Welten_I_(new_file).jpg",kan,kan,wikimedia,"https://commons.,wikimedia.org/wiki/File:Vassily_Kandinsky,_1922_-_Kleine_Welten_I_(new_file).jpg",2026-08-12
130,"Vassily_Kandinsky,_1923_-_On_White_II.jpg",kan,kan,wikimedia,"https://commons.,wikimedia.org/wiki/File:Vassily_Kandinsky,_1923_-_On_White_II.jpg",2026-08-12
131,"Samovar_(Malevich,_1913).jpg",mal,mal,wikimedia,"https://commons.,wikimedia.org/wiki/File:Samovar_(Malevich,_1913).jpg",2026-08-12
132,"Head_of_a_Peasant_Girl.jpg",mal,mal,wikimedia,"https://commons.,wikimedia.org/wiki/File:Head_of_a_Peasant_Girl.jpg",2026-08-12
133,"Black_circle.jpg",mal,mal,wikimedia,"https://commons.,wikimedia.org/wiki/File:Black_circle.jpg",2026-08-12
134,"Black_Cross.jpg",mal,mal,wikimedia,"https://commons.,wikimedia.org/wiki/File:Black_Cross.jpg",2026-08-12
135,"Красный_супрематический_квадрат.png",mal,mal,wikimedia,"https://commons.,wikimedia.org/wiki/File:%D0%9A%D1%80%D0%B0%D1%81%D0%BD%D1%8B%D0%B9_%D1%81%D1%83%D0%BF%D1%80%D0%B5%D0%BC%D0%B0%D1%82%D0%B8%D1%87%D0%B5%D1%81%D0%BA%D0%B8%D0%B9_%D0%BA%D0%B2%D0%B0%D0%B4%D1%80%D0%B0%D1%82.png",2026-08-12
136,"Казимир_Малевич,_Супрематическая_композиция,_1915.jpg",mal,mal,wikimedia,"https://commons.,wikimedia.org/wiki/File:%D0%9A%D0%B0%D0%B7%D0%B8%D0%BC%D0%B8%D1%80_%D0%9C%D0%B0%D0%BB%D0%B5%D0%B2%D0%B8%D1%87,_%D0%A1%D1%83%D0%BF%D1%80%D0%B5%D0%BC%D0%B0%D1%82%D0%B8%D1%87%D0%B5%D1%81%D0%BA%D0%B0%D1%8F_%D0%BA%D0%BE%D0%BC%D0%BF%D0%BE%D0%B7%D0%B8%D1%86%D0%B8%D1%8F,_1915.jpg",2026-08-12
137,"Malevich-Suprematism..jpg",mal,mal,wikimedia,"https://commons.,wikimedia.org/wiki/File:Malevich-Suprematism..jpg",2026-08-12
138,"Suprematist_Composition_-_Kazimir_Malevich.jpg",mal,mal,wikimedia,"https://commons.,wikimedia.org/wiki/File:Suprematist_Composition_-_Kazimir_Malevich.jpg",2026-08-12
139,"Supremus_55_(Malevich,_1916).jpg",mal,mal,wikimedia,"https://commons.,wikimedia.org/wiki/File:Supremus_55_(Malevich,_1916).jpg",2026-08-12
140,"Kazimir_Malevich_-_Suprematism_-_Google_Art_Project.jpg",mal,mal,wikimedia,"https://commons.,wikimedia.org/wiki/File:Kazimir_Malevich_-_Suprematism_-_Google_Art_Project.jpg",2026-08-12
141,"The_Knife_Grinder_Principle_of_Glittering_by_Kazimir_Malevich.jpeg",mal,mal,wikimedia,"https://commons.,wikimedia.org/wiki/File:The_Knife_Grinder_Principle_of_Glittering_by_Kazimir_Malevich.jpeg",2026-08-12
142,"White_on_White_(Malevich,_1918).png",mal,mal,wikimedia,"https://commons.,wikimedia.org/wiki/File:White_on_White_(Malevich,_1918).png",2026-08-12
143,"La_ronda_de_noche,_por_Rembrandt_van_Rijn.jpg",rem,compare,wikimedia,"https://commons.wikimedia.org/wiki/File:La_ronda_de_noche,_por_Rembrandt_van_Rijn.jpg",2026-08-14
144,"Mona_Lisa,_by_Leonardo_da_Vinci,_from_C2RMF_retouched.jpg",leo,compare,wikimedia,"https://commons.wikimedia.org/wiki/File:Mona_Lisa,_by_Leonardo_da_Vinci,_from_C2RMF_retouched.jpg",2026-08-14
145,"La_Liberté_guidant_le_peuple_-_Eugène_Delacroix_-_Musée_du_Louvre_Peintures_RF_129_-_après_restauration_2024.jpg",del,compare,wikimedia,"https://commons.wikimedia.org/wiki/File:La_Libert%C3%A9_guidant_le_peuple_-_Eug%C3%A8ne_Delacroix_-_Mus%C3%A9e_du_Louvre_Peintures_RF_129_-_apr%C3%A8s_restauration_2024.jpg",2026-08-14
146,"Pieter_Bruegel_the_Elder_-_The_Tower_of_Babel_(Vienna)_-_Google_Art_Project_-_edited.jpg",bru,compare,wikimedia,"https://commons.wikimedia.org/wiki/File:Pieter_Bruegel_the_Elder_-_The_Tower_of_Babel_(Vienna)_-_Google_Art_Project_-_edited.jpg",2026-08-14
147,"The_Fighting_Temeraire,_JMW_Turner,_National_Gallery.jpg",tur,compare,wikimedia,"https://commons.wikimedia.org/wiki/File:The_Fighting_Temeraire,_JMW_Turner,_National_Gallery.jpg",2026-08-14
148,"Monet_-_Impression,_Sunrise.jpg",cla,compare,wikimedia,"https://commons.wikimedia.org/wiki/File:Monet_-_Impression,_Sunrise.jpg",2026-08-14
149,"El_Tres_de_Mayo,_by_Francisco_de_Goya,_from_Prado_in_Google_Earth.jpg",goy,compare,wikimedia,"https://commons.wikimedia.org/wiki/File:El_Tres_de_Mayo,_by_Francisco_de_Goya,_from_Prado_in_Google_Earth.jpg",2026-08-14
150,"A_Sunday_on_La_Grande_Jatte,_Georges_Seurat,_1884.jpg",seu,compare,wikimedia,"https://commons.wikimedia.org/wiki/File:A_Sunday_on_La_Grande_Jatte,_Georges_Seurat,_1884.jpg",2026-08-14
151,"Las_Meninas,_by_Diego_Velázquez,_from_Prado_in_Google_Earth.jpg",vel,compare,wikimedia,"https://commons.wikimedia.org/wiki/File:Las_Meninas,_by_Diego_Vel%C3%A1zquez,_from_Prado_in_Google_Earth.jpg",2026-08-14
152,"Johannes_Vermeer_-_Het_melkmeisje_-_Google_Art_Project.jpg",ver,compare,wikimedia,"https://commons.wikimedia.org/wiki/File:Johannes_Vermeer_-_Het_melkmeisje_-_Google_Art_Project.jpg",2026-08-14
153,"Manet,_Edouard_-_Young_Flautist,_or_The_Fifer,_1866_(2).jpg",man,compare,wikimedia,"https://commons.wikimedia.org/wiki/File:Manet,_Edouard_-_Young_Flautist,_or_The_Fifer,_1866_(2).jpg",2026-08-14
154,"Van_Gogh_-_Starry_Night_-_Google_Art_Project.jpg",gog,compare,wikimedia,"https://commons.wikimedia.org/wiki/File:Van_Gogh_-_Starry_Night_-_Google_Art_Project.jpg",2026-08-14
155,"Pierre-Auguste_Renoir,_Le_Moulin_de_la_Galette.jpg",ren,compare,wikimedia,"https://commons.wikimedia.org/wiki/File:Pierre-Auguste_Renoir,_Le_Moulin_de_la_Galette.jpg",2026-08-14
156,"Van_Gogh_-_Terrace_of_a_Café_at_Night_(Place_du_Forum)_1888.jpg",gog,compare,wikimedia,"https://commons.wikimedia.org/wiki/File:Van_Gogh_-_Terrace_of_a_Caf%C3%A9_at_Night_(Place_du_Forum)_1888.jpg",2026-08-14
157,"Jean-François_Millet_-_Gleaners_-_Google_Art_Project_2.jpg",mil,compare,wikimedia,"https://commons.wikimedia.org/wiki/File:Jean-Fran%C3%A7ois_Millet_-_Gleaners_-_Google_Art_Project_2.jpg",2026-08-14
158,"The_Scream.jpg",mun,compare,wikimedia,"https://commons.wikimedia.org/wiki/File:The_Scream.jpg",2026-08-14
159,"Gustave_Courbet_-_A_Burial_at_Ornans_-_Google_Art_Project_2.jpg",cou,compare,wikimedia,"https://commons.wikimedia.org/wiki/File:Gustave_Courbet_-_A_Burial_at_Ornans_-_Google_Art_Project_2.jpg",2026-08-15
160,"Gauguin_-_Where_Do_We_Come_From__What_Are_We__Where_Are_We_Going__(1897-98).jpg",gau,compare,wikimedia,"https://commons.wikimedia.org/wiki/File:Gauguin_-_Where_Do_We_Come_From%3F_What_Are_We%3F_Where_Are_We_Going%3F_(1897-98).jpg",2026-08-15
161,"Courbet_LAtelier_du_peintre.jpg",cou,compare,wikimedia,"https://commons.wikimedia.org/wiki/File:Courbet_LAtelier_du_peintre.jpg",2026-08-15
162,"Gustave_Courbet_-_Le_Désespéré_(1843).jpg",cou,compare,wikimedia,"https://commons.wikimedia.org/wiki/File:Gustave_Courbet_-_Le_D%C3%A9sesp%C3%A9r%C3%A9_(1843).jpg",2026-08-15
163,"Narcissus-Caravaggio_(1594-96)_edited.jpg",car,compare,wikimedia,"https://commons.wikimedia.org/wiki/File:Narcissus-Caravaggio_(1594-96)_edited.jpg",2026-08-15
164,"The_Calling_of_Saint_Matthew-Caravaggo_(1599-1600).jpg",car,compare,wikimedia,"https://commons.wikimedia.org/wiki/File:The_Calling_of_Saint_Matthew-Caravaggo_(1599-1600).jpg",2026-08-15
165,"The_Last_Supper_-_Leonardo_Da_Vinci_-_High_Resolution_32x16.jpg",leo,compare,wikimedia,"https://commons.wikimedia.org/wiki/File:The_Last_Supper_-_Leonardo_Da_Vinci_-_High_Resolution_32x16.jpg",2026-08-15
166,"Jan_Vermeer_van_Delft_-_Meisje_met_de_parel_(1665).jpg",ver,compare,wikimedia,"https://commons.wikimedia.org/wiki/File:Jan_Vermeer_van_Delft_-_Meisje_met_de_parel_(1665).jpg",2026-08-15
167,"Jan_Vermeer_-_The_Art_of_Painting_-_Google_Art_Project.jpg",ver,compare,wikimedia,"https://commons.wikimedia.org/wiki/File:Jan_Vermeer_-_The_Art_of_Painting_-_Google_Art_Project.jpg",2026-08-15
168,"La_grande_odalisque_-_Jean-Auguste_Dominique_Ingres_-_Musée_du_Louvre_Peintures_RF_1158.jpg",dom,compare,wikimedia,"https://commons.wikimedia.org/wiki/File:La_grande_odalisque_-_Jean-Auguste_Dominique_Ingres_-_Mus%C3%A9e_du_Louvre_Peintures_RF_1158.jpg",2026-08-15
169,"El_coloso.jpg",goy,compare,wikimedia,"https://commons.wikimedia.org/wiki/File:El_coloso.jpg",2026-08-15
170,"Francisco_de_Goya,_Saturno_devorando_a_su_hijo_(1819-1823).jpg",goy,compare,wikimedia,"https://commons.wikimedia.org/wiki/File:Francisco_de_Goya,_Saturno_devorando_a_su_hijo_(1819-1823).jpg",2026-08-15
171,"Claude_Monet_-_Woman_with_a_Parasol_-_Madame_Monet_and_Her_Son_-_Google_Art_Project.jpg",cla,compare,wikimedia,"https://commons.wikimedia.org/wiki/File:Claude_Monet_-_Woman_with_a_Parasol_-_Madame_Monet_and_Her_Son_-_Google_Art_Project.jpg",2026-08-15
172,"Claude_Monet_La_Grenouillére.jpg",cla,compare,wikimedia,"https://commons.wikimedia.org/wiki/File:Claude_Monet_La_Grenouill%C3%A9re.jpg",2026-08-15
173,"La_Gare_Saint-Lazare_-_Claude_Monet.jpg",cla,compare,wikimedia,"https://commons.wikimedia.org/wiki/File:La_Gare_Saint-Lazare_-_Claude_Monet.jpg",2026-08-15
174,"Rain_Steam_and_Speed_the_Great_Western_Railway.jpg",tur,compare,wikimedia,"https://commons.wikimedia.org/wiki/File:Rain_Steam_and_Speed_the_Great_Western_Railway.jpg",2026-08-15
175,"Turner_-_Ulysses_deriding_Polyphemus_1829.jpg",tur,compare,wikimedia,"https://commons.wikimedia.org/wiki/File:Turner_-_Ulysses_deriding_Polyphemus_1829.jpg",2026-08-15
176,"The_Kiss_-_Gustav_Klimt_-_Google_Cultural_Institute.jpg",kli,compare,wikimedia,"https://commons.wikimedia.org/wiki/File:The_Kiss_-_Gustav_Klimt_-_Google_Cultural_Institute.jpg",2026-08-15
